"Metric","Value"
"Accuracy",0.54375
"Precision",0.568265682656827
"Recall",0.841530054644809
"F1-Score",0.6784140969163
"AUC",0.539886721710343
